risk_question1,risk_question2,correlation,risk_question1_number,risk_question2_number
work_90improv_90death_trial,work_50improv_90death_trial,0.9216084522470495,49,45
exer_50pain_90death_trial,exer_90pain_90death_trial,0.8847673431060057,21,25
work_50improv_50death_trial,work_90improv_50death_trial,0.8834210380813003,44,48
work_50improv_50para_trial,work_50improv_90para_trial,0.8671387608989749,36,37
work_90improv_90death_trial,work_90improv_90para_trial,0.8529158691541272,49,41
work_90improv_1death_trial,work_50improv_1death_trial,0.8473758544705192,46,42
work_90improv_90para_trial,work_50improv_90death_trial,0.8468832670686347,41,45
work_50improv_90para_trial,work_90improv_90death_trial,0.8420080706598903,37,49
work_90improv_90para_trial,work_50improv_90para_trial,0.8399930740917543,41,37
work_90improv_1para_trial,work_90improv_1death_trial,0.8217340738087336,38,46
exer_50pain_90death_trial,exer_50improv_90drop_trial,0.8172697916565161,21,13
exer_50improv_10drop_trial,exer_50improv_1drop_trial,0.8124653898202076,11,10
exer_90pain_1death_trial,work_50improv_1death_trial,0.8123101635323143,22,42
exer_90pain_90death_trial,exer_50pain_50death_trial,0.8033146071493629,25,20
work_90improv_90drop_trial,work_50improv_90drop_trial,0.7984762553725855,33,29
exer_50pain_1death_trial,work_50improv_1death_trial,0.7953639442157776,18,42
work_50improv_1drop_trial,work_50improv_10drop_trial,0.7911529659821825,26,27
work_50improv_90para_trial,work_50improv_90death_trial,0.7906982122962253,37,45
exer_50pain_90death_trial,exer_50pain_50death_trial,0.7904447223992009,21,20
exer_90pain_1death_trial,work_90improv_1death_trial,0.7887770191360923,22,46
work_90improv_90death_trial,work_50improv_50para_trial,0.7867552293149299,49,36
work_50improv_1death_trial,work_90improv_1para_trial,0.7860692219726589,42,38
exer_50improv_90drop_trial,exer_90improv_90drop_trial,0.7850678261861883,13,17
work_90improv_90para_trial,work_50improv_50para_trial,0.7812506866350468,41,36
exer_90pain_1death_trial,exer_50pain_1death_trial,0.7781345740851264,22,18
work_90improv_1para_trial,exer_90pain_1death_trial,0.7780768601870777,38,22
exer_90pain_90death_trial,work_50improv_90para_trial,0.7746827308769937,25,37
exer_90pain_50death_trial,exer_50pain_50death_trial,0.7745072212020481,24,20
work_50improv_1para_trial,exer_50pain_1death_trial,0.7732886769606143,34,18
work_50improv_50death_trial,work_90improv_90death_trial,0.7716361963746879,44,49
work_50improv_90para_trial,exer_50pain_90death_trial,0.7697090592267521,37,21
work_90improv_50death_trial,work_90improv_90para_trial,0.7669309770064854,48,41
work_90improv_10death_trial,work_90improv_1death_trial,0.7628284609216799,47,46
exer_50improv_90drop_trial,exer_90pain_90death_trial,0.7604501521804667,13,25
work_50improv_50death_trial,work_90improv_90para_trial,0.7586969908101235,44,41
work_50improv_50death_trial,work_50improv_50para_trial,0.7561771849997839,44,36
work_50improv_10death_trial,work_90improv_10para_trial,0.7548185955128661,43,39
exer_90pain_90death_trial,exer_90pain_50death_trial,0.7503601303925683,25,24
exer_90pain_90death_trial,work_90improv_90death_trial,0.7476012136417731,25,49
work_50improv_1para_trial,work_90improv_1para_trial,0.7461340325781134,34,38
work_50improv_1para_trial,work_50improv_1death_trial,0.7460430838885747,34,42
work_90improv_10para_trial,work_90improv_10death_trial,0.7447687787462002,39,47
work_50improv_50para_trial,work_90improv_50death_trial,0.7434168489242604,36,48
exer_90improv_90drop_trial,work_90improv_90drop_trial,0.7412372338783368,17,33
work_90improv_1death_trial,work_90improv_10para_trial,0.7406777017383905,46,39
exer_90improv_90drop_trial,exer_90pain_90death_trial,0.7392175558361692,17,25
exer_90improv_90drop_trial,work_50improv_90drop_trial,0.7387687943560723,17,29
exer_50improv_50drop_trial,exer_50improv_90drop_trial,0.735553256011359,12,13
work_50improv_90para_trial,work_50improv_50death_trial,0.7336306775117742,37,44
exer_50pain_90death_trial,exer_90pain_50death_trial,0.7334479639312816,21,24
exer_50improv_90drop_trial,work_50improv_90drop_trial,0.7283598121457465,13,29
exer_90pain_10death_trial,exer_90pain_1death_trial,0.7277212011773451,23,22
exer_90pain_90death_trial,work_50improv_90drop_trial,0.7276380728648448,25,29
work_50improv_50para_trial,exer_90pain_90death_trial,0.7273544624987334,36,25
exer_50pain_90death_trial,exer_90improv_90drop_trial,0.7230267706386879,21,17
work_50improv_10death_trial,exer_90pain_10death_trial,0.7193363408078867,43,23
work_50improv_50para_trial,exer_50pain_50death_trial,0.712839172882754,36,20
work_50improv_1para_trial,exer_90pain_1death_trial,0.7123440250227309,34,22
work_50improv_10death_trial,exer_50pain_10death_trial,0.7087540369414269,43,19
work_90improv_10para_trial,work_50improv_1death_trial,0.7049273391368199,39,42
work_50improv_90drop_trial,exer_50pain_90death_trial,0.7048961897434921,29,21
work_50improv_1para_trial,work_90improv_1death_trial,0.7021524996482192,34,46
work_50improv_1death_trial,work_50improv_10death_trial,0.7007383965108108,42,43
work_90improv_50drop_trial,work_50improv_50drop_trial,0.7006914154497291,32,28
exer_90improv_10drop_trial,exer_90improv_1drop_trial,0.699964403058543,15,14
work_90improv_50death_trial,work_90improv_90death_trial,0.6999469507923998,48,49
exer_90improv_50drop_trial,exer_90improv_90drop_trial,0.6952764594565165,16,17
work_50improv_10para_trial,work_90improv_10para_trial,0.692516934025327,35,39
work_90improv_10para_trial,exer_90pain_10death_trial,0.6918334049505918,39,23
work_50improv_1para_trial,work_50improv_10para_trial,0.6912333973852796,34,35
exer_90pain_90death_trial,work_50improv_50death_trial,0.6909637790924731,25,44
work_90improv_10death_trial,work_50improv_10death_trial,0.6907606254523395,47,43
work_50improv_90para_trial,work_90improv_50death_trial,0.688940100508619,37,48
work_50improv_90death_trial,work_50improv_50para_trial,0.6883441518364605,45,36
exer_90pain_1death_trial,work_90improv_10para_trial,0.688075055476244,22,39
exer_50improv_90drop_trial,exer_90pain_50death_trial,0.6878993596314524,13,24
work_90improv_50drop_trial,work_90improv_90drop_trial,0.6877202100116502,32,33
exer_50pain_10death_trial,work_50improv_50para_trial,0.6862539699360103,19,36
work_90improv_10death_trial,work_50improv_1death_trial,0.6860405676099498,47,42
work_50improv_50para_trial,work_90improv_50para_trial,0.6844838075822488,36,40
work_90improv_10para_trial,work_90improv_1para_trial,0.683882997235538,39,38
work_90improv_90para_trial,exer_90pain_90death_trial,0.6814158223511351,41,25
work_50improv_50death_trial,work_50improv_10death_trial,0.6784267020915415,44,43
work_90improv_50death_trial,work_90improv_50para_trial,0.6738412299493483,48,40
work_50improv_1para_trial,work_90improv_10para_trial,0.672372689671429,34,39
exer_90improv_90drop_trial,exer_50pain_50death_trial,0.6701780318626127,17,20
exer_90pain_10death_trial,work_90improv_10death_trial,0.6696895344071404,23,47
exer_50pain_10death_trial,work_50improv_10para_trial,0.668785369185782,19,35
exer_50improv_10drop_trial,exer_50pain_1death_trial,0.6679271683012541,11,18
work_90improv_50death_trial,work_50improv_10death_trial,0.6649541950670591,48,43
exer_90improv_10drop_trial,exer_50improv_10drop_trial,0.6627080905675875,15,11
exer_50pain_1death_trial,work_90improv_1death_trial,0.6621073861806624,18,46
exer_90improv_1drop_trial,exer_50improv_1drop_trial,0.6613803871144688,14,10
exer_50improv_50drop_trial,exer_90pain_50death_trial,0.6611694907650209,12,24
work_90improv_50para_trial,work_90improv_90para_trial,0.6598358926729171,40,41
exer_50pain_1death_trial,work_90improv_1para_trial,0.6597559680487349,18,38
exer_90pain_50death_trial,work_50improv_50para_trial,0.6586082126241913,24,36
exer_50pain_1death_trial,exer_50pain_10death_trial,0.6585878930058913,18,19
work_90improv_10para_trial,exer_50pain_1death_trial,0.6578302610632362,39,18
exer_90pain_10death_trial,work_50improv_10para_trial,0.6576643043670756,23,35
exer_50pain_50death_trial,exer_50improv_50drop_trial,0.6564751089792564,20,12
exer_50pain_1death_trial,exer_50improv_1drop_trial,0.6562918566827611,18,10
exer_50pain_10death_trial,exer_90pain_10death_trial,0.6559946484777178,19,23
work_50improv_1death_trial,exer_90pain_10death_trial,0.6559447655687878,42,23
exer_50pain_50death_trial,exer_50improv_90drop_trial,0.6551831838664673,20,13
work_50improv_90death_trial,exer_90pain_90death_trial,0.6523984573360484,45,25
work_90improv_10para_trial,exer_50improv_10drop_trial,0.6476683320151503,39,11
work_50improv_90drop_trial,exer_50pain_50death_trial,0.6476049912340134,29,20
work_50improv_10para_trial,work_50improv_10death_trial,0.6474565461694705,35,43
work_90improv_10drop_trial,work_90improv_1drop_trial,0.6466642818381654,31,30
work_90improv_50para_trial,work_50improv_50death_trial,0.6459429564629443,40,44
work_50improv_90death_trial,work_50improv_50death_trial,0.6449714254652685,45,44
work_50improv_50para_trial,exer_50pain_90death_trial,0.6433516721354707,36,21
work_50improv_10para_trial,work_50improv_1death_trial,0.6428586903297951,35,42
exer_50improv_50drop_trial,exer_90improv_50drop_trial,0.6410610573250022,12,16
work_90improv_90drop_trial,exer_50improv_90drop_trial,0.640199710210882,33,13
exer_50improv_90drop_trial,work_50improv_90para_trial,0.6371163705889951,13,37
work_50improv_10para_trial,exer_50pain_1death_trial,0.6364456506756803,35,18
exer_90pain_1death_trial,work_90improv_10death_trial,0.6356620012641513,22,47
exer_90improv_90drop_trial,exer_50improv_50drop_trial,0.6335313755513499,17,12
exer_90pain_50death_trial,exer_90improv_90drop_trial,0.6282294861318461,24,17
work_50improv_10drop_trial,exer_50improv_10drop_trial,0.6255827611106515,27,11
work_50improv_90para_trial,exer_90improv_90drop_trial,0.6241407064458729,37,17
exer_90improv_1drop_trial,work_50improv_1drop_trial,0.6229633699410378,14,26
work_90improv_50death_trial,exer_90pain_90death_trial,0.6225107680384458,48,25
work_50improv_50drop_trial,work_50improv_90drop_trial,0.6214750856162872,28,29
exer_50pain_50death_trial,work_50improv_50death_trial,0.621120629723373,20,44
work_90improv_1para_trial,exer_50improv_1drop_trial,0.6208616859802963,38,10
work_90improv_1death_trial,exer_90pain_10death_trial,0.6191447374647885,46,23
exer_50pain_50death_trial,work_90improv_50death_trial,0.6182787748843348,20,48
work_50improv_90para_trial,exer_50pain_50death_trial,0.6175786092323514,37,20
work_50improv_90drop_trial,work_50improv_50death_trial,0.6171822307325141,29,44
exer_50pain_10death_trial,work_50improv_90para_trial,0.6171432485603803,19,37
work_90improv_10death_trial,work_90improv_1para_trial,0.614643589820131,47,38
work_50improv_10drop_trial,work_90improv_10drop_trial,0.6127284875111172,27,31
work_90improv_50drop_trial,work_50improv_90drop_trial,0.6124249333375091,32,29
work_90improv_10para_trial,work_90improv_50para_trial,0.6121941708865896,39,40
exer_90pain_50death_trial,exer_50pain_10death_trial,0.6109003097511929,24,19
work_90improv_50para_trial,work_90improv_90death_trial,0.6108242797318547,40,49
work_50improv_1death_trial,exer_50improv_1drop_trial,0.6082997667425615,42,10
exer_50pain_90death_trial,work_90improv_90drop_trial,0.6079010882701945,21,33
work_50improv_90para_trial,work_50improv_90drop_trial,0.6070562566930899,37,29
exer_50pain_1death_trial,exer_90pain_10death_trial,0.606895263278149,18,23
work_50improv_10drop_trial,exer_90improv_10drop_trial,0.6068071830109134,27,15
exer_50improv_1drop_trial,work_50improv_1drop_trial,0.6058753612008853,10,26
exer_90pain_50death_trial,exer_90pain_10death_trial,0.6048400180411805,24,23
work_50improv_10para_trial,exer_90pain_1death_trial,0.6033277039804587,35,22
work_90improv_1para_trial,exer_90improv_1drop_trial,0.6030952554585772,38,14
exer_50improv_1drop_trial,exer_90improv_10drop_trial,0.60103771852281,10,15
exer_50pain_50death_trial,work_90improv_90para_trial,0.600756905821409,20,41
exer_90improv_90drop_trial,work_90improv_90para_trial,0.6000402093577085,17,41
work_50improv_1para_trial,work_50improv_10death_trial,0.5993644663132719,34,43
exer_50pain_10death_trial,exer_50improv_50drop_trial,0.598391555718142,19,12
work_50improv_10death_trial,exer_50pain_1death_trial,0.5971339257369458,43,18
exer_90pain_10death_trial,exer_50improv_50drop_trial,0.5964589998273794,23,12
exer_90improv_1drop_trial,work_90improv_1drop_trial,0.5953331849770497,14,30
exer_50improv_10drop_trial,exer_50improv_50drop_trial,0.5946172311948354,11,12
exer_50pain_10death_trial,work_50improv_50death_trial,0.5935248091699732,19,44
work_50improv_10death_trial,exer_50improv_10drop_trial,0.5935093666764436,43,11
exer_50improv_50drop_trial,work_50improv_90drop_trial,0.5905759709920685,12,29
work_90improv_10drop_trial,work_50improv_1drop_trial,0.5904406901053009,31,26
work_90improv_90drop_trial,exer_90pain_90death_trial,0.588328068608889,33,25
exer_90pain_10death_trial,work_90improv_1para_trial,0.5882650452000212,23,38
work_50improv_10death_trial,work_90improv_1death_trial,0.5865458060078768,43,46
work_50improv_10death_trial,work_50improv_50para_trial,0.586235609868357,43,36
work_90improv_90death_trial,exer_50pain_90death_trial,0.5842342530132362,49,21
work_50improv_50para_trial,work_50improv_10para_trial,0.5841154922795369,36,35
work_90improv_90death_trial,work_50improv_90drop_trial,0.5804968931770367,49,29
work_50improv_10death_trial,work_90improv_50para_trial,0.5796796560346654,43,40
work_50improv_10drop_trial,exer_50improv_1drop_trial,0.5794635354408202,27,10
work_50improv_50para_trial,exer_50improv_90drop_trial,0.5785042161399278,36,13
work_50improv_50death_trial,exer_90improv_90drop_trial,0.5773989605628773,44,17
exer_50pain_1death_trial,work_90improv_10death_trial,0.5768618733687211,18,47
work_50improv_50para_trial,exer_90improv_90drop_trial,0.5764159583434353,36,17
work_50improv_1para_trial,work_90improv_10death_trial,0.575538603600355,34,47
exer_90improv_1drop_trial,exer_90pain_1death_trial,0.5754310640894713,14,22
exer_50pain_10death_trial,work_90improv_10para_trial,0.5753498808761439,19,39
work_90improv_90para_trial,exer_50pain_90death_trial,0.5729002790152247,41,21
work_50improv_90drop_trial,work_90improv_90para_trial,0.5684081367270275,29,41
work_50improv_50drop_trial,work_90improv_90drop_trial,0.5681623892726084,28,33
exer_50improv_10drop_trial,work_50improv_1death_trial,0.5658314084632198,11,42
work_90improv_1para_trial,work_50improv_10para_trial,0.5648857348441757,38,35
work_50improv_10drop_trial,work_50improv_50drop_trial,0.5639948820284975,27,28
work_50improv_10drop_trial,work_90improv_50drop_trial,0.5627847700599086,27,32
exer_50pain_10death_trial,exer_50pain_50death_trial,0.5616373931026452,19,20
work_50improv_1drop_trial,work_90improv_1drop_trial,0.5614642907625176,26,30
exer_90improv_10drop_trial,work_50improv_1drop_trial,0.5596954733608906,15,26
work_50improv_10para_trial,work_90improv_1death_trial,0.5593779300446551,35,46
work_50improv_1para_trial,exer_50improv_10drop_trial,0.5584533046407978,34,11
work_90improv_50death_trial,exer_90improv_90drop_trial,0.5569015694968978,48,17
exer_50pain_10death_trial,work_90improv_50death_trial,0.5565170655632503,19,48
exer_90pain_10death_trial,work_50improv_1para_trial,0.5557518415054098,23,34
work_50improv_50para_trial,work_50improv_90drop_trial,0.5557035979704908,36,29
exer_50improv_1drop_trial,work_50improv_1para_trial,0.5554755565709345,10,34
work_90improv_50death_trial,work_50improv_90death_trial,0.5538828734828962,48,45
exer_50improv_50drop_trial,exer_50pain_90death_trial,0.5522529650635158,12,21
exer_90pain_50death_trial,work_50improv_90para_trial,0.5520326967484628,24,37
exer_90pain_50death_trial,work_50improv_90drop_trial,0.5519970452796089,24,29
exer_90pain_50death_trial,work_50improv_50death_trial,0.5515425953407281,24,44
work_90improv_90drop_trial,exer_90improv_50drop_trial,0.5500812416315721,33,16
work_50improv_90death_trial,exer_50pain_90death_trial,0.5488731303212857,45,21
exer_50improv_10drop_trial,exer_50pain_10death_trial,0.5454930478502442,11,19
exer_50improv_90drop_trial,work_90improv_90death_trial,0.5436624817614895,13,49
exer_50improv_10drop_trial,exer_90improv_1drop_trial,0.5395144717435162,11,14
exer_50pain_10death_trial,exer_90pain_90death_trial,0.5390045114819614,19,25
exer_50improv_50drop_trial,exer_90pain_90death_trial,0.5380767463720405,12,25
work_50improv_10para_trial,work_90improv_10death_trial,0.5380485023788674,35,47
exer_50improv_90drop_trial,exer_90improv_50drop_trial,0.5358548854970637,13,16
exer_90pain_10death_trial,work_90improv_50death_trial,0.534871406081855,23,48
exer_50improv_50drop_trial,work_50improv_50para_trial,0.5342210388331583,12,36
exer_50improv_10drop_trial,exer_90pain_1death_trial,0.5315035123675713,11,22
exer_50improv_10drop_trial,work_50improv_1drop_trial,0.5313894961287094,11,26
exer_50pain_10death_trial,work_50improv_1para_trial,0.5313479111685322,19,34
exer_50pain_90death_trial,work_50improv_50death_trial,0.5308274706879098,21,44
work_90improv_10drop_trial,work_90improv_50drop_trial,0.5288479823315267,31,32
work_90improv_90death_trial,exer_90improv_90drop_trial,0.5285083922603833,49,17
exer_90pain_10death_trial,exer_50pain_50death_trial,0.5274356898397413,23,20
exer_50improv_10drop_trial,work_90improv_1death_trial,0.5272806269405879,11,46
exer_90pain_50death_trial,exer_90improv_50drop_trial,0.5263582238740072,24,16
work_50improv_10para_trial,work_90improv_50para_trial,0.5262322920668832,35,40
work_50improv_90death_trial,work_50improv_90drop_trial,0.5253395095313647,45,29
work_90improv_1death_trial,exer_50improv_1drop_trial,0.5251230741763205,46,10
exer_50pain_50death_trial,work_90improv_90death_trial,0.5236995016033735,20,49
work_90improv_50death_trial,work_50improv_90drop_trial,0.5222952241489827,48,29
exer_50improv_10drop_trial,work_50improv_10para_trial,0.5198186500166846,11,35
work_90improv_10death_trial,exer_50pain_10death_trial,0.5198098284768642,47,19
exer_50pain_50death_trial,work_90improv_90drop_trial,0.5176869700321709,20,33
work_50improv_90para_trial,work_90improv_50para_trial,0.5169453087253832,37,40
exer_50improv_10drop_trial,exer_90pain_10death_trial,0.5151213031259927,11,23
work_50improv_10death_trial,exer_90pain_1death_trial,0.5148105579505554,43,22
work_50improv_10para_trial,work_90improv_50death_trial,0.5147183007777006,35,48
work_50improv_10death_trial,work_90improv_90death_trial,0.5141241964045828,43,49
exer_90improv_1drop_trial,exer_50pain_1death_trial,0.5127667992992436,14,18
work_50improv_50death_trial,exer_50improv_50drop_trial,0.5125531541427862,44,12
exer_50pain_50death_trial,work_90improv_50para_trial,0.5122157862348075,20,40
exer_90improv_10drop_trial,exer_90pain_1death_trial,0.5120632692470274,15,22
work_90improv_50drop_trial,exer_90improv_50drop_trial,0.5105198104099008,32,16
work_50improv_90death_trial,exer_50improv_90drop_trial,0.5085431690655865,45,13
exer_50pain_10death_trial,exer_50pain_90death_trial,0.5085058347640743,19,21
work_90improv_1drop_trial,work_90improv_1para_trial,0.5075557842307383,30,38
exer_90pain_50death_trial,work_90improv_50para_trial,0.5074191461188737,24,40
work_50improv_90death_trial,work_90improv_50para_trial,0.5066444674421133,45,40
work_50improv_10death_trial,work_90improv_90para_trial,0.5047260900242334,43,41
work_90improv_90death_trial,exer_50pain_10death_trial,0.5038087805447263,49,19
work_50improv_50para_trial,work_90improv_10para_trial,0.4995751596220125,36,39
exer_50improv_90drop_trial,exer_50pain_10death_trial,0.49955052336381633,13,19
work_50improv_10para_trial,work_50improv_50death_trial,0.49939496142211337,35,44
exer_90improv_1drop_trial,work_50improv_1death_trial,0.49753023395152146,14,42
work_50improv_1death_trial,work_50improv_1drop_trial,0.49682289641846994,42,26
exer_50pain_90death_trial,work_90improv_50death_trial,0.49607380246263866,21,48
work_90improv_10para_trial,exer_50improv_1drop_trial,0.49600845933111143,39,10
work_50improv_1para_trial,work_90improv_50para_trial,0.4947464888074111,34,40
work_50improv_10death_trial,exer_50improv_50drop_trial,0.4945513550318224,43,12
work_90improv_1para_trial,exer_50improv_10drop_trial,0.4941797716592163,38,11
exer_90pain_90death_trial,work_90improv_50para_trial,0.493658907980602,25,40
work_90improv_10para_trial,work_90improv_50death_trial,0.4933813417200161,39,48
work_90improv_50para_trial,exer_90pain_10death_trial,0.49291512887154837,40,23
work_90improv_10para_trial,work_50improv_50death_trial,0.4918260625061742,39,44
work_90improv_90drop_trial,work_50improv_90para_trial,0.49130132929633785,33,37
exer_50improv_1drop_trial,exer_90pain_1death_trial,0.4905679734782439,10,22
exer_50improv_90drop_trial,work_90improv_90para_trial,0.48933764161804244,13,41
exer_50pain_10death_trial,work_50improv_1death_trial,0.48697538949804997,19,42
exer_50pain_50death_trial,exer_90improv_50drop_trial,0.48602577109432854,20,16
work_90improv_1para_trial,work_50improv_1drop_trial,0.4850341612405832,38,26
work_50improv_90death_trial,exer_90improv_90drop_trial,0.4846247747717909,45,17
work_50improv_50para_trial,exer_90pain_10death_trial,0.48401917860591553,36,23
exer_90pain_10death_trial,exer_90improv_10drop_trial,0.4836262855759557,23,15
exer_90improv_90drop_trial,work_90improv_50drop_trial,0.4833352470755407,17,32
work_50improv_90para_trial,work_50improv_10death_trial,0.4832231489838891,37,43
work_50improv_10drop_trial,work_50improv_1death_trial,0.4819499585088024,27,42
exer_90pain_50death_trial,work_90improv_90drop_trial,0.4814776240930146,24,33
work_50improv_50death_trial,exer_50improv_90drop_trial,0.4809063156385778,44,13
exer_50pain_50death_trial,work_50improv_10death_trial,0.4804468332962997,20,43
work_90improv_10drop_trial,work_90improv_1para_trial,0.4798000532946978,31,38
work_90improv_1para_trial,exer_90improv_10drop_trial,0.47888223513459804,38,15
exer_90pain_50death_trial,work_50improv_10para_trial,0.47880618577633255,24,35
exer_50pain_1death_trial,work_50improv_10drop_trial,0.47758143908528755,18,27
exer_90improv_50drop_trial,exer_90improv_10drop_trial,0.4766146945504527,16,15
exer_90improv_50drop_trial,work_50improv_50drop_trial,0.4712631706462486,16,28
exer_90improv_1drop_trial,work_50improv_10drop_trial,0.4712423828086232,14,27
work_50improv_1drop_trial,exer_90pain_1death_trial,0.46957039350080193,26,22
exer_90improv_10drop_trial,exer_50pain_1death_trial,0.46935606810864533,15,18
work_50improv_50death_trial,exer_90pain_10death_trial,0.46860237879726935,44,23
work_50improv_90drop_trial,exer_90improv_50drop_trial,0.46820687358537605,29,16
exer_50pain_10death_trial,exer_90pain_1death_trial,0.4668910394671094,19,22
work_90improv_10death_trial,exer_50improv_10drop_trial,0.46594626312015314,47,11
exer_50improv_1drop_trial,work_50improv_10death_trial,0.4658773121702997,10,43
exer_90pain_50death_trial,work_90improv_50death_trial,0.46572423318800654,24,48
work_90improv_50death_trial,exer_50improv_50drop_trial,0.46359943146706034,48,12
work_90improv_10drop_trial,exer_90improv_1drop_trial,0.4633993599101984,31,14
exer_50improv_50drop_trial,exer_50pain_1death_trial,0.4624220218520509,12,18
exer_90improv_50drop_trial,exer_90pain_10death_trial,0.4619893727213376,16,23
work_90improv_90death_trial,exer_90pain_50death_trial,0.46163078163276094,49,24
work_90improv_10drop_trial,work_50improv_50drop_trial,0.4587673511155003,31,28
exer_50pain_1death_trial,work_50improv_1drop_trial,0.45858075753298183,18,26
exer_90pain_10death_trial,exer_90pain_90death_trial,0.45755775191185394,23,25
exer_90improv_1drop_trial,work_90improv_1death_trial,0.4572852482234342,14,46
exer_50improv_90drop_trial,exer_90pain_10death_trial,0.4565874449516354,13,23
work_50improv_10death_trial,work_90improv_1para_trial,0.4562679109360771,43,38
work_90improv_10drop_trial,exer_90improv_10drop_trial,0.4557169510141182,31,15
exer_90pain_90death_trial,work_50improv_10death_trial,0.45568325717984154,25,43
exer_50improv_50drop_trial,work_50improv_90para_trial,0.4548710071250166,12,37
work_90improv_10death_trial,work_90improv_50para_trial,0.4547988237495558,47,40
exer_90improv_1drop_trial,work_50improv_1para_trial,0.4544226058852512,14,34
work_50improv_10drop_trial,work_90improv_10para_trial,0.4521951350831072,27,39
work_90improv_1death_trial,work_90improv_10drop_trial,0.45215263726202654,46,31
work_50improv_1death_trial,work_90improv_10drop_trial,0.44980193993620804,42,31
exer_50pain_10death_trial,work_90improv_50para_trial,0.4492954869991927,19,40
work_90improv_10para_trial,exer_90improv_10drop_trial,0.4482916015161183,39,15
work_90improv_90para_trial,exer_50pain_10death_trial,0.44743842786819704,41,19
work_90improv_50drop_trial,exer_50improv_50drop_trial,0.44737176811317414,32,12
work_90improv_10para_trial,exer_50improv_50drop_trial,0.446730949507077,39,12
exer_50improv_90drop_trial,work_90improv_50death_trial,0.4447696804948286,13,48
exer_90improv_10drop_trial,work_90improv_1death_trial,0.4441625547653921,15,46
work_50improv_50para_trial,work_90improv_90drop_trial,0.4433651526464796,36,33
work_90improv_50para_trial,exer_50improv_50drop_trial,0.4383064172954399,40,12
work_50improv_10para_trial,exer_50improv_50drop_trial,0.4379545454802876,35,12
work_90improv_90drop_trial,exer_50improv_50drop_trial,0.4348077397783239,33,12
exer_50pain_50death_trial,work_90improv_50drop_trial,0.4330965300452061,20,32
exer_50improv_50drop_trial,work_90improv_90para_trial,0.4287274371714989,12,41
work_50improv_90death_trial,exer_50pain_10death_trial,0.4273638347274756,45,19
work_50improv_50drop_trial,exer_50improv_50drop_trial,0.42598322397252153,28,12
work_90improv_1death_trial,work_50improv_1drop_trial,0.4256925143753,46,26
exer_90pain_10death_trial,exer_90improv_90drop_trial,0.42544511175318844,23,17
work_50improv_1death_trial,exer_90improv_10drop_trial,0.42490289936435416,42,15
exer_50pain_50death_trial,work_50improv_90death_trial,0.42381550903248644,20,45
work_50improv_90death_trial,work_50improv_10death_trial,0.4213778581636255,45,43
work_50improv_10drop_trial,work_90improv_1para_trial,0.41969033123640764,27,38
work_50improv_10para_trial,exer_50improv_1drop_trial,0.4186086327486228,35,10
work_90improv_90para_trial,exer_90pain_50death_trial,0.41449250744691907,41,24
work_50improv_10death_trial,exer_90pain_50death_trial,0.4141353250191443,43,24
exer_50improv_10drop_trial,work_50improv_50death_trial,0.41326592033754156,11,44
work_50improv_50drop_trial,work_50improv_1drop_trial,0.4131943911166974,28,26
exer_90improv_90drop_trial,exer_50pain_10death_trial,0.4129556959456871,17,19
work_50improv_10death_trial,work_50improv_10drop_trial,0.41283878330234464,43,27
exer_90pain_10death_trial,exer_50pain_90death_trial,0.4124222772476403,23,21
work_50improv_1para_trial,work_50improv_1drop_trial,0.4113887453770288,34,26
work_90improv_10drop_trial,exer_90pain_1death_trial,0.4112769757103731,31,22
work_90improv_10para_trial,work_90improv_90death_trial,0.40909771055123517,39,49
work_90improv_50drop_trial,exer_90pain_50death_trial,0.4087148932484652,32,24
exer_90pain_90death_trial,exer_90improv_50drop_trial,0.40832245309611603,25,16
work_50improv_10drop_trial,work_50improv_1para_trial,0.4081015515527687,27,34
work_90improv_1death_trial,work_50improv_10drop_trial,0.40701661382588644,46,27
exer_50pain_1death_trial,work_50improv_50death_trial,0.4046862455390806,18,44
work_50improv_50drop_trial,exer_50improv_90drop_trial,0.40179018063982036,28,13
work_50improv_10drop_trial,work_90improv_1drop_trial,0.40136125035771625,27,30
work_90improv_10para_trial,work_90improv_10drop_trial,0.40108323623039294,39,31
exer_50improv_50drop_trial,work_50improv_1para_trial,0.40043628843683865,12,34
work_50improv_10drop_trial,exer_90pain_1death_trial,0.3988747471454567,27,22
exer_50improv_90drop_trial,work_50improv_10death_trial,0.3987378129715467,13,43
work_50improv_90drop_trial,exer_50pain_10death_trial,0.3980362889368557,29,19
work_90improv_50para_trial,work_50improv_1death_trial,0.3979995143149902,40,42
work_50improv_50para_trial,exer_50pain_1death_trial,0.396227379137952,36,18
work_50improv_90drop_trial,work_50improv_10death_trial,0.3940036365816337,29,43
exer_90improv_50drop_trial,exer_50pain_90death_trial,0.3934694050541497,16,21
work_50improv_10para_trial,exer_50pain_50death_trial,0.392764644689944,35,20
exer_50improv_50drop_trial,work_90improv_90death_trial,0.3920421765696785,12,49
work_50improv_1death_trial,work_90improv_50death_trial,0.3914885263525175,42,48
work_50improv_90death_trial,exer_90pain_50death_trial,0.3894656503330858,45,24
work_90improv_1death_trial,work_90improv_50para_trial,0.3892115718826869,46,40
work_90improv_10para_trial,work_90improv_90para_trial,0.38870654236928714,39,41
exer_50improv_90drop_trial,work_90improv_50drop_trial,0.3873380878665424,13,32
work_50improv_1drop_trial,work_50improv_10para_trial,0.3871707400772849,26,35
work_50improv_10death_trial,exer_90improv_10drop_trial,0.3857611071399621,43,15
exer_90pain_50death_trial,work_90improv_10para_trial,0.3856966292067916,24,39
exer_90pain_1death_trial,work_90improv_1drop_trial,0.38566345852938505,22,30
exer_90improv_10drop_trial,work_90improv_10death_trial,0.3853404092119379,15,47
work_50improv_1para_trial,exer_90improv_10drop_trial,0.38465575221594955,34,15
work_90improv_50drop_trial,work_50improv_1drop_trial,0.38250977146016435,32,26
work_50improv_50death_trial,work_90improv_90drop_trial,0.38237639026579423,44,33
work_50improv_90drop_trial,work_90improv_50para_trial,0.38059419076846895,29,40
work_90improv_90para_trial,work_90improv_90drop_trial,0.37849589851829674,41,33
exer_50improv_50drop_trial,exer_90improv_10drop_trial,0.37810797275123864,12,15
exer_50improv_1drop_trial,work_90improv_1drop_trial,0.37774473120980023,10,30
exer_50pain_1death_trial,exer_90pain_50death_trial,0.3775055458110345,18,24
work_50improv_1para_trial,work_50improv_50para_trial,0.3771070346154644,34,36
exer_90pain_90death_trial,work_90improv_10para_trial,0.375840378030334,25,39
work_90improv_90drop_trial,work_90improv_90death_trial,0.3755252788682339,33,49
work_50improv_50death_trial,work_90improv_10death_trial,0.37500853268924517,44,47
work_90improv_50death_trial,exer_50improv_10drop_trial,0.3737764407073607,48,11
exer_90improv_90drop_trial,work_50improv_50drop_trial,0.3727314738428098,17,28
exer_90pain_50death_trial,work_50improv_50drop_trial,0.3725537305858742,24,28
work_90improv_10death_trial,exer_90pain_50death_trial,0.37245323287777815,47,24
exer_50improv_10drop_trial,work_90improv_50para_trial,0.3709346875233738,11,40
work_50improv_1drop_trial,work_90improv_10para_trial,0.37028427222902177,26,39
exer_50pain_1death_trial,work_90improv_50death_trial,0.36948034109167754,18,48
work_50improv_50para_trial,exer_90improv_50drop_trial,0.3692621757636038,36,16
work_90improv_50para_trial,exer_90improv_90drop_trial,0.36765009189925335,40,17
work_90improv_10death_trial,work_90improv_10drop_trial,0.3670886075949364,47,31
exer_90improv_90drop_trial,work_50improv_10death_trial,0.3652305734161985,17,43
work_50improv_90para_trial,work_90improv_10para_trial,0.36459210428085825,37,39
exer_50improv_90drop_trial,exer_50improv_10drop_trial,0.3638350000020759,13,11
exer_50pain_10death_trial,work_90improv_1death_trial,0.36238826492979753,19,46
work_90improv_1drop_trial,work_90improv_1death_trial,0.36222911633856547,30,46
work_50improv_50para_trial,exer_50improv_10drop_trial,0.3585932555169074,36,11
exer_90improv_1drop_trial,work_90improv_10death_trial,0.35816628846442683,14,47
work_90improv_1drop_trial,work_50improv_1death_trial,0.35796875765935904,30,42
work_90improv_50drop_trial,exer_50pain_90death_trial,0.357026048556258,32,21
work_50improv_90para_trial,exer_90pain_10death_trial,0.35692662464361596,37,23
work_90improv_1drop_trial,exer_90improv_10drop_trial,0.35398067450819926,30,15
exer_50improv_1drop_trial,work_90improv_10drop_trial,0.3535793253364278,10,31
exer_90pain_10death_trial,work_50improv_10drop_trial,0.35331949772218546,23,27
work_50improv_90death_trial,work_90improv_90drop_trial,0.3522291430628881,45,33
work_50improv_50death_trial,work_50improv_1death_trial,0.3509331785185338,44,42
work_50improv_10drop_trial,exer_50improv_50drop_trial,0.34833065122142287,27,12
work_50improv_10drop_trial,work_90improv_10death_trial,0.34702742902508027,27,47
work_90improv_10para_trial,exer_90improv_1drop_trial,0.3461098033166858,39,14
exer_50pain_1death_trial,work_90improv_50para_trial,0.34501259280906316,18,40
work_90improv_10death_trial,work_90improv_50death_trial,0.3448286434593152,47,48
work_50improv_10para_trial,work_90improv_10drop_trial,0.34457401913938485,35,31
exer_90pain_90death_trial,work_50improv_10para_trial,0.3442157946598493,25,35
exer_50pain_50death_trial,work_50improv_50drop_trial,0.3441233952688602,20,28
work_50improv_50death_trial,work_50improv_1para_trial,0.34251545500080216,44,34
exer_90pain_90death_trial,work_90improv_50drop_trial,0.342489354738588,25,32
exer_90improv_50drop_trial,exer_50pain_10death_trial,0.34062413423034205,16,19
work_50improv_90para_trial,work_50improv_10para_trial,0.3397509695127675,37,35
exer_50improv_50drop_trial,work_90improv_10death_trial,0.3391204877488084,12,47
work_90improv_10para_trial,exer_90improv_50drop_trial,0.3379344036922713,39,16
exer_90pain_10death_trial,work_90improv_90para_trial,0.3370505504864095,23,41
work_50improv_10drop_trial,exer_90improv_50drop_trial,0.33625866765001255,27,16
work_90improv_50death_trial,work_90improv_90drop_trial,0.3354813053027674,48,33
exer_50improv_1drop_trial,exer_90pain_10death_trial,0.3348387344651367,10,23
work_50improv_10drop_trial,work_50improv_90drop_trial,0.3347445598459678,27,29
work_90improv_10death_trial,exer_50improv_1drop_trial,0.33474103902306457,47,10
work_90improv_10drop_trial,exer_50improv_10drop_trial,0.33299048850135077,31,11
exer_50improv_10drop_trial,exer_90improv_50drop_trial,0.3311900111844896,11,16
exer_50pain_50death_trial,work_90improv_10para_trial,0.3307224484531177,20,39
exer_50pain_1death_trial,exer_50pain_50death_trial,0.3288728852381252,18,20
exer_50improv_90drop_trial,work_90improv_50para_trial,0.3281297887590262,13,40
exer_90pain_10death_trial,work_90improv_10drop_trial,0.3281141735490431,23,31
work_90improv_10death_trial,work_50improv_50para_trial,0.3280647287295773,47,36
work_50improv_10drop_trial,work_50improv_10para_trial,0.327792131210952,27,35
exer_90improv_10drop_trial,work_90improv_50drop_trial,0.327649699034442,15,32
work_50improv_1para_trial,exer_90pain_50death_trial,0.3261643764070372,34,24
exer_90improv_50drop_trial,work_90improv_50para_trial,0.3257451390357591,16,40
exer_50pain_10death_trial,exer_50improv_1drop_trial,0.32559461789634325,19,10
exer_50improv_50drop_trial,exer_90pain_1death_trial,0.32428844480660574,12,22
exer_50improv_90drop_trial,work_90improv_10para_trial,0.3205532005899591,13,39
work_90improv_50para_trial,exer_90pain_1death_trial,0.3201070801130245,40,22
exer_50improv_1drop_trial,exer_50improv_50drop_trial,0.31986355255127824,10,12
exer_90pain_10death_trial,work_90improv_50drop_trial,0.31983179303900333,23,32
exer_90pain_50death_trial,exer_90pain_1death_trial,0.3182945953847081,24,22
exer_90pain_90death_trial,work_50improv_50drop_trial,0.3177249912769383,25,28
work_90improv_50para_trial,work_90improv_1para_trial,0.31692763432959453,40,38
work_50improv_90death_trial,work_90improv_10para_trial,0.31601533889291417,45,39
work_90improv_10drop_trial,work_50improv_10death_trial,0.31595327286123426,31,43
work_50improv_10para_trial,exer_50improv_90drop_trial,0.3152656111088377,35,13
work_50improv_10para_trial,exer_90improv_50drop_trial,0.31493657632883465,35,16
exer_50pain_90death_trial,work_50improv_10death_trial,0.3145505070297146,21,43
exer_90improv_50drop_trial,exer_90pain_1death_trial,0.3143473226769782,16,22
work_50improv_50death_trial,exer_50improv_1drop_trial,0.3142981429969897,44,10
work_50improv_50drop_trial,exer_50improv_10drop_trial,0.31394358387963806,28,11
exer_90pain_10death_trial,exer_90improv_1drop_trial,0.31254255440529083,23,14
work_90improv_10drop_trial,work_50improv_1para_trial,0.3121875988595304,31,34
exer_90pain_50death_trial,exer_50improv_10drop_trial,0.30812195757873756,24,11
exer_50pain_10death_trial,work_90improv_90drop_trial,0.3079557592618199,19,33
exer_90improv_50drop_trial,work_50improv_50death_trial,0.30677129181348445,16,44
work_50improv_90death_trial,exer_50improv_50drop_trial,0.3064868144440702,45,12
work_90improv_1death_trial,work_90improv_50death_trial,0.30639125095518877,46,48
work_50improv_50drop_trial,work_90improv_10para_trial,0.30564437093673413,28,39
work_90improv_50drop_trial,work_50improv_50death_trial,0.3042969785901604,32,44
work_90improv_10drop_trial,work_90improv_90drop_trial,0.3036758472004494,31,33
exer_50improv_10drop_trial,exer_50pain_50death_trial,0.3000309553793587,11,20
exer_90improv_10drop_trial,work_50improv_10para_trial,0.29992749301866023,15,35
work_90improv_50death_trial,work_50improv_1para_trial,0.29626417057748966,48,34
work_50improv_1death_trial,exer_50improv_50drop_trial,0.2961916804429966,42,12
exer_50improv_1drop_trial,work_90improv_50death_trial,0.29423840745137964,10,48
exer_50pain_50death_trial,work_50improv_1para_trial,0.29388108790632755,20,34
exer_90improv_50drop_trial,work_90improv_50death_trial,0.2936912657098279,16,48
exer_90pain_10death_trial,work_50improv_90drop_trial,0.2933475057886643,23,29
exer_90improv_10drop_trial,work_90improv_50death_trial,0.2926823339985387,15,48
work_90improv_90drop_trial,work_50improv_10drop_trial,0.29241840609556385,33,27
work_50improv_50drop_trial,work_90improv_50para_trial,0.29125930347057394,28,40
exer_50pain_1death_trial,work_90improv_10drop_trial,0.29016246677542545,18,31
exer_50pain_90death_trial,work_90improv_50para_trial,0.289964713293434,21,40
exer_90improv_90drop_trial,work_90improv_10para_trial,0.2892848399774831,17,39
work_50improv_1para_trial,exer_90improv_50drop_trial,0.2891242596378644,34,16
exer_90improv_50drop_trial,work_50improv_10death_trial,0.2885447226683507,16,43
exer_90improv_90drop_trial,exer_90improv_10drop_trial,0.28489508317143264,17,15
exer_50pain_1death_trial,work_90improv_1drop_trial,0.28487273898325643,18,30
exer_50pain_90death_trial,work_50improv_50drop_trial,0.2837296697556511,21,28
work_50improv_10drop_trial,exer_50pain_10death_trial,0.2835862095983848,27,19
exer_90pain_10death_trial,work_90improv_90death_trial,0.28352613585786257,23,49
work_50improv_10para_trial,exer_90improv_90drop_trial,0.28323554965392284,35,17
work_50improv_1drop_trial,work_90improv_10death_trial,0.2813069655225422,26,47
work_50improv_50death_trial,exer_90improv_10drop_trial,0.27980454684361367,44,15
work_90improv_1para_trial,exer_50pain_10death_trial,0.2789371750959987,38,19
work_90improv_10death_trial,work_90improv_1drop_trial,0.27742290453973345,47,30
work_90improv_50drop_trial,work_90improv_10para_trial,0.2742321045775538,32,39
exer_50pain_1death_trial,work_50improv_90para_trial,0.27307315195154935,18,37
work_90improv_10death_trial,work_90improv_90death_trial,0.2722630288875778,47,49
work_90improv_50drop_trial,work_50improv_10death_trial,0.27095573495646746,32,43
work_50improv_10para_trial,work_90improv_90death_trial,0.26818283971581347,35,49
work_90improv_1drop_trial,work_90improv_50drop_trial,0.26814306985228414,30,32
work_50improv_50death_trial,work_50improv_10drop_trial,0.2667537887454985,44,27
exer_90improv_10drop_trial,exer_50pain_10death_trial,0.26667238718857994,15,19
work_50improv_1drop_trial,work_50improv_10death_trial,0.2661491752200903,26,43
work_90improv_1death_trial,work_50improv_50death_trial,0.26567964879248146,46,44
work_50improv_10para_trial,work_50improv_50drop_trial,0.2653350621960171,35,28
work_50improv_10para_trial,exer_50pain_90death_trial,0.2643645922872882,35,21
work_50improv_90para_trial,exer_90improv_50drop_trial,0.26427145703527927,37,16
exer_90improv_10drop_trial,exer_50pain_50death_trial,0.263827180830553,15,20
work_50improv_50para_trial,work_50improv_1death_trial,0.260165474092937,36,42
exer_90improv_50drop_trial,work_90improv_90para_trial,0.2596899826938569,16,41
exer_90pain_10death_trial,work_50improv_1drop_trial,0.257422528661628,23,26
work_50improv_90drop_trial,work_90improv_10para_trial,0.2558260479577606,29,39
exer_90improv_50drop_trial,work_90improv_10drop_trial,0.2554449940498427,16,31
work_50improv_90para_trial,exer_50improv_10drop_trial,0.254952447638417,37,11
work_50improv_10para_trial,exer_90improv_1drop_trial,0.25008538985207557,35,14
work_90improv_10death_trial,exer_90improv_50drop_trial,0.24931502026292546,47,16
work_50improv_50drop_trial,work_50improv_50para_trial,0.2484208780118901,28,36
exer_50improv_50drop_trial,work_90improv_1death_trial,0.24638560219556088,12,46
work_50improv_50drop_trial,work_50improv_10death_trial,0.2454828261975945,28,43
work_50improv_50para_trial,work_90improv_1death_trial,0.24484339881928932,36,46
exer_90pain_50death_trial,exer_90improv_10drop_trial,0.24422501470412458,24,15
work_90improv_50para_trial,work_90improv_50drop_trial,0.24303211608826003,40,32
exer_90improv_1drop_trial,work_50improv_10death_trial,0.242717326788272,14,43
exer_50improv_10drop_trial,exer_90pain_90death_trial,0.2394776323455127,11,25
exer_90improv_50drop_trial,exer_50pain_1death_trial,0.23603445502329934,16,18
exer_50pain_1death_trial,exer_50improv_90drop_trial,0.2347563921220442,18,13
work_90improv_50death_trial,exer_90pain_1death_trial,0.2342774843651438,48,22
work_90improv_50drop_trial,work_50improv_50para_trial,0.23401171352579025,32,36
work_50improv_1para_trial,work_90improv_1drop_trial,0.23380928245157948,34,30
exer_50improv_10drop_trial,work_90improv_90death_trial,0.23095227643702018,11,49
exer_50improv_10drop_trial,exer_90improv_90drop_trial,0.2294071164938438,11,17
work_90improv_90para_trial,work_50improv_10para_trial,0.22823306552280032,41,35
exer_90improv_50drop_trial,work_50improv_1drop_trial,0.22766401266351924,16,26
exer_90improv_10drop_trial,exer_50improv_90drop_trial,0.2268981545873509,15,13
work_90improv_10death_trial,work_90improv_90para_trial,0.2262018657513675,47,41
work_50improv_10drop_trial,work_50improv_50para_trial,0.22571261787561345,27,36
work_50improv_90death_trial,work_90improv_10death_trial,0.22547973068371494,45,47
exer_50pain_10death_trial,work_50improv_50drop_trial,0.2243666939731412,19,28
exer_50improv_1drop_trial,work_90improv_50para_trial,0.22418518934585524,10,40
exer_50improv_10drop_trial,work_90improv_50drop_trial,0.22408739796298183,11,32
exer_50improv_90drop_trial,work_50improv_10drop_trial,0.22398445440514922,13,27
work_50improv_90drop_trial,exer_50improv_10drop_trial,0.22392792060980407,29,11
work_50improv_90drop_trial,work_50improv_10para_trial,0.22368269686458794,29,35
work_90improv_90drop_trial,exer_90pain_10death_trial,0.21966563542009065,33,23
exer_50pain_90death_trial,work_90improv_10para_trial,0.21824414100180065,21,39
exer_90improv_1drop_trial,exer_90improv_50drop_trial,0.21692313108805,14,16
work_50improv_50drop_trial,exer_90pain_10death_trial,0.21574406889589626,28,23
exer_90improv_10drop_trial,exer_90pain_90death_trial,0.21556063745214735,15,25
exer_90pain_90death_trial,work_90improv_10death_trial,0.21351616847517718,25,47
exer_50improv_10drop_trial,work_90improv_90para_trial,0.21227480489830342,11,41
exer_90pain_1death_trial,work_90improv_50drop_trial,0.21226310016962574,22,32
work_90improv_90drop_trial,work_90improv_50para_trial,0.21204011493284874,33,40
work_50improv_10drop_trial,exer_90improv_90drop_trial,0.21136230657488828,27,17
work_90improv_50drop_trial,work_50improv_1death_trial,0.21106624329969703,32,42
work_50improv_50para_trial,exer_90pain_1death_trial,0.2108060783852619,36,22
work_90improv_1drop_trial,exer_50improv_10drop_trial,0.20992805967094638,30,11
work_90improv_1para_trial,work_90improv_50death_trial,0.20907795840445442,38,48
exer_90pain_50death_trial,work_50improv_1death_trial,0.20904757802115956,24,42
exer_50pain_1death_trial,exer_90pain_90death_trial,0.20811143917907152,18,25
work_90improv_50drop_trial,work_90improv_50death_trial,0.20634593336915685,32,48
exer_90improv_50drop_trial,work_50improv_1death_trial,0.20615488314807334,16,42
work_90improv_1death_trial,work_90improv_90death_trial,0.2047564509226264,46,49
work_90improv_10drop_trial,work_50improv_90drop_trial,0.2039500882705347,31,29
work_50improv_10para_trial,work_90improv_90drop_trial,0.20305747434638838,35,33
exer_90improv_50drop_trial,work_90improv_1para_trial,0.2019084875560474,16,38
work_50improv_90death_trial,exer_90pain_10death_trial,0.20118449116057321,45,23
work_90improv_90drop_trial,work_50improv_10death_trial,0.20069151052435197,33,43
work_50improv_50drop_trial,exer_90improv_10drop_trial,0.1993521246909632,28,15
exer_90pain_1death_trial,work_50improv_50drop_trial,0.19890101912905925,22,28
work_90improv_90para_trial,work_50improv_1para_trial,0.19870960327158338,41,34
work_50improv_50death_trial,exer_90pain_1death_trial,0.19836319121799711,44,22
exer_50improv_90drop_trial,work_50improv_1para_trial,0.19761525355394235,13,34
work_50improv_90para_trial,work_50improv_1para_trial,0.1969319459813621,37,34
exer_90improv_50drop_trial,work_90improv_1death_trial,0.1946809010498145,16,46
work_50improv_50para_trial,exer_90improv_10drop_trial,0.19457464563092094,36,15
work_50improv_1para_trial,work_90improv_50drop_trial,0.19417524463693464,34,32
work_90improv_90death_trial,work_50improv_1para_trial,0.19375879314006877,49,34
work_90improv_50death_trial,work_50improv_10drop_trial,0.193173927508187,48,27
exer_50improv_90drop_trial,exer_90pain_1death_trial,0.1931166644117117,13,22
work_90improv_50para_trial,exer_90improv_10drop_trial,0.19201437632193638,40,15
work_90improv_50drop_trial,work_50improv_90para_trial,0.1909860755946694,32,37
work_90improv_10death_trial,work_90improv_50drop_trial,0.19043459990019332,47,32
exer_50improv_1drop_trial,work_50improv_50drop_trial,0.18862062458011408,10,28
exer_90pain_50death_trial,work_50improv_10drop_trial,0.1883913863973118,24,27
work_50improv_10para_trial,work_90improv_50drop_trial,0.18776664554471945,35,32
exer_50pain_1death_trial,work_90improv_90para_trial,0.18717683408487476,18,41
work_90improv_10drop_trial,exer_90improv_90drop_trial,0.18647126420014629,31,17
work_90improv_1para_trial,exer_50improv_50drop_trial,0.18631908455421078,38,12
work_90improv_10drop_trial,work_90improv_50para_trial,0.18627724095297646,31,40
work_50improv_10drop_trial,exer_50pain_50death_trial,0.1847603398236977,27,20
exer_50pain_1death_trial,exer_50pain_90death_trial,0.18447605159631275,18,21
work_90improv_10death_trial,exer_50pain_50death_trial,0.1842518640346163,47,20
work_90improv_10death_trial,work_50improv_90para_trial,0.18421104476887293,47,37
exer_50pain_1death_trial,work_90improv_90death_trial,0.18390149038218198,18,49
work_50improv_1para_trial,work_50improv_50drop_trial,0.18319536351626692,34,28
exer_90improv_50drop_trial,work_90improv_90death_trial,0.18054548891651748,16,49
work_50improv_50drop_trial,work_50improv_50death_trial,0.18038052516262884,28,44
exer_50improv_50drop_trial,work_50improv_1drop_trial,0.1784068296283404,12,26
work_50improv_10drop_trial,work_90improv_50para_trial,0.17816978972397715,27,40
work_90improv_10para_trial,work_90improv_1drop_trial,0.17777980241119182,39,30
exer_50pain_1death_trial,work_90improv_50drop_trial,0.17755520605710878,18,32
work_50improv_10para_trial,work_90improv_1drop_trial,0.17737644524273818,35,30
work_50improv_1death_trial,exer_50pain_50death_trial,0.17628540086299155,42,20
exer_90pain_50death_trial,work_90improv_10drop_trial,0.17486778309338288,24,31
exer_90improv_1drop_trial,exer_50pain_10death_trial,0.17452162943880317,14,19
exer_90pain_50death_trial,work_90improv_1death_trial,0.17333180844587648,24,46
exer_90improv_10drop_trial,exer_50pain_90death_trial,0.1725421563468249,15,21
exer_50pain_10death_trial,work_90improv_50drop_trial,0.17144106065528122,19,32
exer_50improv_50drop_trial,exer_90improv_1drop_trial,0.17002375403075123,12,14
work_90improv_1para_trial,work_90improv_50drop_trial,0.16911084207634983,38,32
work_90improv_1para_trial,work_50improv_50death_trial,0.16784334982071492,38,44
work_50improv_10drop_trial,work_50improv_90para_trial,0.16650974619710593,27,37
exer_50pain_10death_trial,work_50improv_1drop_trial,0.16617884746547854,19,26
work_90improv_10drop_trial,work_90improv_50death_trial,0.16387371850425062,31,48
work_90improv_90para_trial,work_90improv_1death_trial,0.16281238530374442,41,46
exer_50pain_90death_trial,exer_50improv_10drop_trial,0.16190083772232217,21,11
exer_50pain_10death_trial,work_90improv_10drop_trial,0.16126498465509453,19,31
work_90improv_90drop_trial,work_90improv_10para_trial,0.16123071688539517,33,39
exer_90improv_1drop_trial,work_90improv_50drop_trial,0.16048506999521042,14,32
exer_50improv_50drop_trial,work_90improv_10drop_trial,0.15819157033200593,12,31
work_50improv_50drop_trial,work_50improv_90para_trial,0.15761095548500925,28,37
exer_90pain_90death_trial,work_50improv_10drop_trial,0.15757628830343978,25,27
work_90improv_1drop_trial,work_50improv_50drop_trial,0.15698427301393367,30,28
exer_50improv_90drop_trial,work_90improv_10death_trial,0.15646812217835926,13,47
exer_90pain_90death_trial,exer_90pain_1death_trial,0.15538354993622844,25,22
work_50improv_50drop_trial,work_50improv_1death_trial,0.15532516051850692,28,42
exer_90pain_90death_trial,work_50improv_1para_trial,0.15510836092304586,25,34
work_90improv_90para_trial,work_90improv_50drop_trial,0.154562533635745,41,32
work_90improv_1death_trial,work_90improv_50drop_trial,0.15282879740081354,46,32
exer_50improv_1drop_trial,exer_90improv_50drop_trial,0.15150782539408916,10,16
exer_90pain_1death_trial,exer_50pain_50death_trial,0.15009819447093364,22,20
work_90improv_10drop_trial,work_50improv_50death_trial,0.149433930147718,31,44
exer_90improv_90drop_trial,exer_50pain_1death_trial,0.14526273444772667,17,18
work_90improv_90death_trial,work_50improv_1death_trial,0.14519916105735642,49,42
work_90improv_10death_trial,exer_90improv_90drop_trial,0.1451045128874732,47,17
work_50improv_90para_trial,work_50improv_1death_trial,0.1417669096424344,37,42
work_50improv_90drop_trial,work_50improv_1para_trial,0.14176183846616047,29,34
work_90improv_1death_trial,work_50improv_90death_trial,0.14126657639724446,46,45
exer_90improv_50drop_trial,work_50improv_90death_trial,0.14032733523100474,16,45
work_90improv_90para_trial,work_50improv_1death_trial,0.1401385703268398,41,42
work_50improv_90death_trial,exer_50improv_10drop_trial,0.1374158110565337,45,11
exer_50pain_90death_trial,exer_90pain_1death_trial,0.13734311891547377,21,22
exer_50improv_90drop_trial,work_50improv_1death_trial,0.13637121876488556,13,42
exer_90pain_1death_trial,work_50improv_90para_trial,0.13631464720383182,22,37
exer_90pain_90death_trial,work_50improv_1death_trial,0.1348635593686308,25,42
exer_90improv_10drop_trial,work_50improv_90para_trial,0.13416842951044447,15,37
work_50improv_1para_trial,exer_90improv_90drop_trial,0.13395890099716806,34,17
exer_50pain_1death_trial,work_50improv_90drop_trial,0.13317407496520356,18,29
exer_50pain_1death_trial,work_50improv_50drop_trial,0.13288496864274596,18,28
work_90improv_90death_trial,work_50improv_50drop_trial,0.13056253703648335,49,28
exer_90improv_10drop_trial,work_50improv_90drop_trial,0.12922019281051178,15,29
work_90improv_50drop_trial,work_90improv_90death_trial,0.12892372011266182,32,49
work_50improv_90para_trial,work_90improv_1death_trial,0.12837901433358778,37,46
work_50improv_90death_trial,work_90improv_50drop_trial,0.12633267511327936,45,32
work_50improv_90death_trial,exer_50pain_1death_trial,0.1259120202000752,45,18
exer_90pain_90death_trial,work_90improv_1death_trial,0.1256021234282758,25,46
work_90improv_10drop_trial,exer_50pain_50death_trial,0.12261761277738464,31,20
work_50improv_10drop_trial,work_90improv_90para_trial,0.1218954176388162,27,41
work_90improv_10drop_trial,exer_90pain_90death_trial,0.12177418726062393,31,25
exer_90improv_10drop_trial,work_90improv_90drop_trial,0.1216237224048997,15,33
exer_50improv_90drop_trial,work_90improv_1death_trial,0.12088358652469383,13,46
work_90improv_90para_trial,exer_90improv_10drop_trial,0.120488522078084,41,15
exer_50improv_1drop_trial,work_50improv_50para_trial,0.11970334525153405,10,36
exer_90pain_1death_trial,exer_90improv_90drop_trial,0.1197013153640954,22,17
exer_90improv_1drop_trial,work_50improv_50drop_trial,0.11891613749446558,14,28
exer_90pain_50death_trial,work_90improv_1para_trial,0.11685687850073051,24,38
exer_90improv_90drop_trial,work_50improv_1death_trial,0.11452040818221856,17,42
work_90improv_1death_trial,work_50improv_50drop_trial,0.11372700129008263,46,28
work_90improv_1para_trial,work_50improv_50para_trial,0.11358549806728936,38,36
work_50improv_1para_trial,work_50improv_90death_trial,0.1129013418544762,34,45
work_90improv_1drop_trial,exer_90pain_10death_trial,0.1108649509378461,30,23
work_50improv_10para_trial,work_50improv_90death_trial,0.10942912432598981,35,45
work_50improv_50death_trial,work_50improv_1drop_trial,0.1049762637545779,44,26
work_90improv_50death_trial,work_50improv_50drop_trial,0.1049374929442705,48,28
exer_50improv_1drop_trial,exer_50pain_50death_trial,0.10192473603673749,10,20
work_90improv_90drop_trial,work_50improv_1drop_trial,0.09875478154498908,33,26
work_90improv_1para_trial,work_50improv_50drop_trial,0.09836857656645936,38,28
work_50improv_1drop_trial,work_50improv_90drop_trial,0.09535442436355453,26,29
work_90improv_50death_trial,work_50improv_1drop_trial,0.09512462161741311,48,26
work_50improv_50drop_trial,work_90improv_10death_trial,0.09510062064656497,28,47
work_90improv_10drop_trial,work_50improv_50para_trial,0.0944710029843844,31,36
exer_50pain_90death_trial,work_50improv_1para_trial,0.09430632726122704,21,34
exer_50improv_1drop_trial,work_90improv_50drop_trial,0.09398342809530383,10,32
work_90improv_90death_trial,work_50improv_10drop_trial,0.08937481014062389,49,27
work_90improv_1drop_trial,exer_90improv_50drop_trial,0.08906713984780172,30,16
exer_50improv_10drop_trial,work_90improv_90drop_trial,0.08822683320772051,11,33
work_50improv_10drop_trial,exer_50pain_90death_trial,0.08810233819813885,27,21
work_90improv_1death_trial,exer_50pain_50death_trial,0.08242954495572226,46,20
exer_50improv_90drop_trial,exer_50improv_1drop_trial,0.08069184230574038,13,10
exer_50improv_90drop_trial,work_90improv_10drop_trial,0.07691478556818503,13,31
work_50improv_1drop_trial,work_50improv_50para_trial,0.07505274652252762,26,36
work_90improv_1death_trial,exer_90improv_90drop_trial,0.07372251665037266,46,17
work_50improv_1death_trial,work_50improv_90drop_trial,0.06473142880900615,42,29
work_90improv_90drop_trial,work_50improv_1death_trial,0.06403069024835023,33,42
exer_90pain_1death_trial,work_90improv_90drop_trial,0.06390443605155273,22,33
work_50improv_50drop_trial,work_50improv_90death_trial,0.06363966134916015,28,45
work_90improv_10death_trial,work_50improv_90drop_trial,0.06078050074044643,47,29
work_90improv_90para_trial,work_50improv_50drop_trial,0.05804451953280516,41,28
exer_50pain_1death_trial,work_90improv_90drop_trial,0.05593034930715201,18,33
exer_90pain_50death_trial,exer_50improv_1drop_trial,0.05561034004187835,24,10
work_50improv_90death_trial,work_50improv_1death_trial,0.05507258573908263,45,42
exer_50improv_1drop_trial,work_90improv_90para_trial,0.05324710807993738,10,41
work_50improv_90drop_trial,exer_50improv_1drop_trial,0.05208389752838653,29,10
work_90improv_50para_trial,work_50improv_1drop_trial,0.047992491087929676,40,26
work_90improv_1para_trial,exer_50pain_50death_trial,0.04663675059624437,38,20
exer_90pain_1death_trial,work_50improv_90drop_trial,0.04625670965093797,22,29
exer_50improv_1drop_trial,work_90improv_90death_trial,0.04611969758578234,10,49
work_90improv_90drop_trial,work_50improv_1para_trial,0.04472569158836651,33,34
work_90improv_90death_trial,exer_90improv_10drop_trial,0.04337645921763969,49,15
exer_90pain_1death_trial,work_90improv_90death_trial,0.040066439499204035,22,49
exer_50improv_1drop_trial,exer_90pain_90death_trial,0.03768923839734593,10,25
work_50improv_90death_trial,work_50improv_10drop_trial,0.03329555939325327,45,27
work_50improv_1drop_trial,exer_50improv_90drop_trial,0.03313573632764468,26,13
work_90improv_10drop_trial,exer_50pain_90death_trial,0.03225584954957146,31,21
work_90improv_90drop_trial,work_90improv_10death_trial,0.029310485251942187,33,47
work_90improv_1drop_trial,work_50improv_10death_trial,0.0290901978445664,30,43
work_90improv_10death_trial,exer_50pain_90death_trial,0.028820481897849363,47,21
exer_50pain_90death_trial,work_50improv_1death_trial,0.02662006588884159,21,42
work_90improv_10drop_trial,work_50improv_90para_trial,0.02649535489026211,31,37
exer_50improv_1drop_trial,work_50improv_90para_trial,0.026002619007795626,10,37
work_50improv_1drop_trial,exer_90pain_50death_trial,0.02523963993958079,26,24
exer_90improv_1drop_trial,work_50improv_50death_trial,0.024245486827362904,14,44
exer_90improv_1drop_trial,exer_90pain_50death_trial,0.01999377209768067,14,24
work_90improv_1death_trial,work_50improv_90drop_trial,0.013777427919099776,46,29
work_90improv_50para_trial,exer_90improv_1drop_trial,0.013595340547725822,40,14
work_90improv_90para_trial,work_90improv_10drop_trial,0.008265470580184132,41,31
work_90improv_90para_trial,exer_90pain_1death_trial,0.00536654787486609,41,22
exer_50pain_90death_trial,work_90improv_1death_trial,0.005343754339672165,21,46
work_90improv_1death_trial,work_90improv_90drop_trial,0.0005663701953448989,46,33
work_50improv_1drop_trial,work_50improv_90para_trial,-0.0008472506690903417,26,37
exer_90improv_1drop_trial,work_90improv_50death_trial,-0.004204041488363268,14,48
exer_90improv_90drop_trial,work_50improv_1drop_trial,-0.010520372437876353,17,26
work_90improv_1para_trial,work_90improv_90para_trial,-0.013118243116900215,38,41
work_50improv_1drop_trial,exer_50pain_50death_trial,-0.021351045682048937,26,20
exer_50improv_1drop_trial,exer_90improv_90drop_trial,-0.030542361089076323,10,17
exer_90improv_10drop_trial,work_50improv_90death_trial,-0.033411073953444836,15,45
exer_90pain_90death_trial,work_50improv_1drop_trial,-0.035072683079571225,25,26
exer_90pain_1death_trial,work_50improv_90death_trial,-0.03835920944947932,22,45
work_90improv_1para_trial,exer_90pain_90death_trial,-0.041649985137213213,38,25
exer_50improv_90drop_trial,work_90improv_1para_trial,-0.045039888739878936,13,38
exer_50pain_90death_trial,work_50improv_1drop_trial,-0.0486816698219134,21,26
exer_50improv_1drop_trial,exer_50pain_90death_trial,-0.05238136254717878,10,21
work_90improv_1para_trial,work_90improv_90death_trial,-0.05294042622764606,38,49
exer_50improv_1drop_trial,work_50improv_90death_trial,-0.053123496360459994,10,45
work_90improv_90death_trial,work_90improv_10drop_trial,-0.05461142968642684,49,31
work_90improv_1para_trial,work_50improv_90para_trial,-0.06747012169089218,38,37
exer_50improv_90drop_trial,exer_90improv_1drop_trial,-0.06756081487722376,13,14
exer_90improv_90drop_trial,work_90improv_1para_trial,-0.06925699743138515,17,38
exer_90improv_1drop_trial,exer_50pain_50death_trial,-0.0708924579521247,14,20
exer_90pain_50death_trial,work_90improv_1drop_trial,-0.10583162479646956,24,30
work_90improv_10drop_trial,work_50improv_90death_trial,-0.10724888422390329,31,45
work_90improv_90drop_trial,exer_50improv_1drop_trial,-0.10925445027424328,33,10
exer_90improv_1drop_trial,exer_90improv_90drop_trial,-0.11251761858143494,14,17
exer_50improv_50drop_trial,work_90improv_1drop_trial,-0.11388691092093854,12,30
work_90improv_90death_trial,work_50improv_1drop_trial,-0.11465558390538225,49,26
exer_50pain_90death_trial,work_90improv_1para_trial,-0.11474451493968774,21,38
work_50improv_90drop_trial,work_90improv_1para_trial,-0.11688435890963844,29,38
exer_90improv_1drop_trial,work_50improv_50para_trial,-0.11735083304661055,14,36
work_90improv_50para_trial,work_90improv_1drop_trial,-0.11791796838548373,40,30
work_90improv_90drop_trial,work_90improv_1drop_trial,-0.11975213144033667,33,30
work_50improv_90death_trial,work_90improv_1para_trial,-0.12007937566357985,45,38
work_50improv_1drop_trial,work_90improv_90para_trial,-0.13192917277476418,26,41
exer_90pain_90death_trial,exer_90improv_1drop_trial,-0.1346221730034934,25,14
work_90improv_90drop_trial,work_90improv_1para_trial,-0.13792736726167618,33,38
exer_90improv_1drop_trial,exer_50pain_90death_trial,-0.1497768678746158,14,21
exer_90improv_1drop_trial,work_50improv_90drop_trial,-0.15113546440586,14,29
exer_50pain_10death_trial,work_90improv_1drop_trial,-0.1557843975456157,19,30
work_90improv_90drop_trial,exer_90improv_1drop_trial,-0.15716581214670158,33,14
work_50improv_90para_trial,exer_90improv_1drop_trial,-0.17269856234636402,37,14
work_90improv_1drop_trial,work_50improv_50death_trial,-0.17460797268799283,30,44
work_50improv_90death_trial,work_50improv_1drop_trial,-0.19932778265305745,45,26
work_90improv_50death_trial,work_90improv_1drop_trial,-0.20422846788897422,48,30
exer_50pain_50death_trial,work_90improv_1drop_trial,-0.2150156122040626,20,30
work_50improv_90drop_trial,work_90improv_1drop_trial,-0.24363863115865697,29,30
work_90improv_90para_trial,exer_90improv_1drop_trial,-0.2438183897542334,41,14
work_90improv_90death_trial,exer_90improv_1drop_trial,-0.2697986297453076,49,14
work_90improv_1drop_trial,exer_90improv_90drop_trial,-0.27392231105835774,30,17
work_90improv_1drop_trial,exer_50improv_90drop_trial,-0.298738837353821,30,13
work_90improv_1drop_trial,exer_90pain_90death_trial,-0.3128433271152894,30,25
work_50improv_50para_trial,work_90improv_1drop_trial,-0.33441458171624355,36,30
exer_90improv_1drop_trial,work_50improv_90death_trial,-0.34513419168539067,14,45
exer_50pain_90death_trial,work_90improv_1drop_trial,-0.3897052611984185,21,30
work_90improv_90para_trial,work_90improv_1drop_trial,-0.46774151954828935,41,30
work_90improv_90death_trial,work_90improv_1drop_trial,-0.4701079901746668,49,30
work_50improv_90para_trial,work_90improv_1drop_trial,-0.47584137948427796,37,30
work_50improv_90death_trial,work_90improv_1drop_trial,-0.4909039316365813,45,30
